[
    {
        "label": "AADHAR_NUMBER",
        "bbox": [
            250,
            406,
            469,
            443
        ],
        "text": "6725 9965 7978"
    },
    {
        "label": "NAME",
        "bbox": [
            252,
            179,
            463,
            206
        ],
        "text": "Karthik S Deshpande"
    },
    {
        "label": "DATE_OF_BIRTH",
        "bbox": [
            381,
            211,
            459,
            232
        ],
        "text": "06/05/1998"
    },
    {
        "label": "GENDER",
        "bbox": [
            305,
            245,
            340,
            264
        ],
        "text": ""
    }
]